INSERT INTO DANE_FIRMY (ID_Danych, NIP, Numer_KRS, Numer_Regon) VALUES (1, '9589989807', '9578848488', '978159096');
INSERT INTO DANE_FIRMY (ID_Danych, NIP, Numer_KRS, Numer_Regon) VALUES (2, '1862432644', '2332607578', '810135366');
INSERT INTO DANE_FIRMY (ID_Danych, NIP, Numer_KRS, Numer_Regon) VALUES (3, '6620116354', '4613865010', '613089489');
INSERT INTO DANE_FIRMY (ID_Danych, NIP, Numer_KRS, Numer_Regon) VALUES (4, '7838051685', '7444888102', '538907705');
INSERT INTO DANE_FIRMY (ID_Danych, NIP, Numer_KRS, Numer_Regon) VALUES (5, '3574454622', '8967593881', '026560212');
INSERT INTO DANE_FIRMY (ID_Danych, NIP, Numer_KRS, Numer_Regon) VALUES (6, '1991086937', '3161524060', '470581428');

INSERT INTO OPERATORZY (ID_Operatora, Nazwa, Data_zalozenia, ID_Danych) VALUES (1, 'Wnumiarze', TO_DATE('2019/10/10', 'YYYY/MM/DD'), 1);

INSERT INTO ADRESY (ID_Adresu, Kraj, Miasto, Ulica, Numer_budynku, Numer_lokalu) VALUES (1, 'Polska', 'Rzeszów', 'Krotkowska', '14', '2'); 
INSERT INTO ADRESY (ID_Adresu, Kraj, Miasto, Ulica, Numer_budynku, Numer_lokalu) VALUES (2, 'Polska', 'Kraków', 'Złota', '55', '6'); 
INSERT INTO ADRESY (ID_Adresu, Kraj, Miasto, Ulica, Numer_budynku) VALUES (3, 'Polska', 'Warszawa', 'Polna', '71'); 
INSERT INTO ADRESY (ID_Adresu, Kraj, Miasto, Ulica, Numer_budynku, Numer_lokalu) VALUES (4, 'Polska', 'Warszawa', 'Targowa', '90', '3'); 
INSERT INTO ADRESY (ID_Adresu, Kraj, Miasto, Ulica, Numer_budynku, Numer_lokalu) VALUES (5, 'Polska', 'Kraków', 'Wolna', '2', '7'); 
INSERT INTO ADRESY (ID_Adresu, Kraj, Miasto, Ulica, Numer_budynku, Numer_lokalu) VALUES (6, 'Polska', 'Gdańsk', 'Piaskowskiego', '65', '5'); 
INSERT INTO ADRESY (ID_Adresu, Kraj, Miasto, Ulica, Numer_budynku, Numer_lokalu) VALUES (7, 'Polska', 'Poznań', 'Krowska', '77', '4'); 
INSERT INTO ADRESY (ID_Adresu, Kraj, Miasto, Ulica, Numer_budynku) VALUES (8, 'Polska', 'Kraków', 'Majowa', '30'); 
INSERT INTO ADRESY (ID_Adresu, Kraj, Miasto, Ulica, Numer_budynku, Numer_lokalu) VALUES (9, 'Polska', 'Warszawa', 'Al. Jerozolimskie', '14', '8'); 
INSERT INTO ADRESY (ID_Adresu, Kraj, Miasto, Ulica, Numer_budynku) VALUES (10, 'Polska', 'Gdańsk', 'Babacka', '14'); 
INSERT INTO ADRESY(ID_Adresu,Kraj,Miasto,Ulica,Numer_budynku,Numer_lokalu) VALUES (11,'Polska','Warszawa','Koszykowa',16,7);
INSERT INTO ADRESY(ID_Adresu,Kraj,Miasto,Ulica,Numer_budynku,Numer_lokalu) VALUES (12,'Polska','Garwolin','Długa',9,8);
INSERT INTO ADRESY(ID_Adresu,Kraj,Miasto,Ulica,Numer_budynku,Numer_lokalu) VALUES (13,'Polska','Garwolin','Koszykowa',67,5);
INSERT INTO ADRESY(ID_Adresu,Kraj,Miasto,Ulica,Numer_budynku,Numer_lokalu) VALUES (14,'Polska','Poznań','Koszykowa',5,10);
INSERT INTO ADRESY(ID_Adresu,Kraj,Miasto,Ulica,Numer_budynku,Numer_lokalu) VALUES (15,'Polska','Warszawa','Eliowa',5,9);
INSERT INTO ADRESY(ID_Adresu,Kraj,Miasto,Ulica,Numer_budynku) VALUES (16,'Polska','Garwolin','Pofowa',5);
INSERT INTO ADRESY(ID_Adresu,Kraj,Miasto,Ulica,Numer_budynku) VALUES (17,'Polska','Garwolin','Wnumowa',22);
INSERT INTO ADRESY(ID_Adresu,Kraj,Miasto,Ulica,Numer_budynku) VALUES (18,'Polska','Garwolin','Murowa',5);
INSERT INTO ADRESY(ID_Adresu,Kraj,Miasto,Ulica,Numer_budynku) VALUES (19,'Polska','Garwolin','Stara',8);
INSERT INTO ADRESY(ID_Adresu,Kraj,Miasto,Ulica,Numer_budynku) VALUES (20,'Polska','Garwolin','Lubelska',9);
INSERT INTO ADRESY (ID_Adresu, Kraj, Miasto, Ulica, Numer_budynku) VALUES (21, 'Polska', 'Warszawa', 'Zielona', '30'); 
INSERT INTO ADRESY (ID_Adresu, Kraj, Miasto, Ulica, Numer_budynku) VALUES (22, 'Polska', 'Gdańsk', 'Fioletowa', '15'); 
INSERT INTO ADRESY (ID_Adresu, Kraj, Miasto, Ulica, Numer_budynku) VALUES (23, 'Polska', 'Gdańsk', 'Pomidora', '19'); 
INSERT INTO ADRESY (ID_Adresu, Kraj, Miasto, Ulica, Numer_budynku) VALUES (24, 'Polska', 'Gdańsk', 'Filemona', '5'); 
INSERT INTO ADRESY (ID_Adresu, Kraj, Miasto, Ulica, Numer_budynku) VALUES (25, 'Polska', 'Gdańsk', 'Elemelka', '7'); 
INSERT INTO ADRESY (ID_Adresu, Kraj, Miasto, Ulica, Numer_budynku) VALUES (26, 'Polska', 'Gdańsk', 'Pankracego', '1'); 
INSERT INTO ADRESY (ID_Adresu, Kraj, Miasto, Ulica, Numer_budynku) VALUES (27, 'Polska', 'Gdańsk', 'Wesoła', '32'); 
INSERT INTO ADRESY (ID_Adresu, Kraj, Miasto, Ulica, Numer_budynku) VALUES (28, 'Polska', 'Gdańsk', 'Smutna', '48'); 

INSERT INTO KLIENCI (ID_Klienta, Nr_telefonu, ID_Adresu) VALUES (1, '829273392', 1);
INSERT INTO KLIENCI (ID_Klienta, Nr_telefonu, ID_Adresu) VALUES (2, '670641301', 2);
INSERT INTO KLIENCI (ID_Klienta, Nr_telefonu, ID_Adresu) VALUES (3, '719815996', 3);
INSERT INTO KLIENCI (ID_Klienta, Nr_telefonu, ID_Adresu) VALUES (4, '484867890', 4);
INSERT INTO KLIENCI (ID_Klienta, Nr_telefonu, ID_Adresu) VALUES (5, '988743356', 5);
INSERT INTO KLIENCI (ID_Klienta, Nr_telefonu, ID_Adresu) VALUES (6, '519555666', 6);
INSERT INTO KLIENCI (ID_Klienta, Nr_telefonu, ID_Adresu) VALUES (7, '520546789', 7);
INSERT INTO KLIENCI (ID_Klienta, Nr_telefonu, ID_Adresu) VALUES (8, '518925999', 8);
INSERT INTO KLIENCI (ID_Klienta, Nr_telefonu, ID_Adresu) VALUES (9, '518853345', 9);
INSERT INTO KLIENCI (ID_Klienta, Nr_telefonu, ID_Adresu) VALUES (10,'518456213',10);

INSERT INTO OSOBY_PRYWATNE (ID_Klienta, Imie, Nazwisko, PESEL) VALUES (1, 'Adam', 'Adamski', 88030499221);
INSERT INTO OSOBY_PRYWATNE (ID_Klienta, Imie, Nazwisko, PESEL) VALUES (2, 'Maciek', 'Maćkowski', 77122006781);
INSERT INTO OSOBY_PRYWATNE (ID_Klienta, Imie, Nazwisko) VALUES (3, 'Abdul Ah-Ersz', 'Ursz Ihn Ohn Ih');
INSERT INTO OSOBY_PRYWATNE (ID_Klienta, Imie, Nazwisko, PESEL) VALUES (4, 'Paweł', 'Pawlowski', 67100866771);
INSERT INTO OSOBY_PRYWATNE (ID_Klienta, Imie, Nazwisko, PESEL) VALUES (5, 'Mikołaj', 'Mikołajuw', 85030751243);

INSERT INTO Firmy(ID_Klienta, Nazwa, ID_Danych) VALUES(6, 'PZU', 2);
INSERT INTO Firmy(ID_Klienta, Nazwa, ID_Danych) VALUES(7, 'ZUS', 3);
INSERT INTO Firmy(ID_Klienta, Nazwa, ID_Danych) VALUES(8, 'BGŻ', 4);
INSERT INTO Firmy(ID_Klienta, Nazwa, ID_Danych) VALUES(9, 'Nokia', 5);
INSERT INTO Firmy(ID_Klienta, Nazwa, ID_Danych) VALUES(10, 'Żytnia', 6);

INSERT INTO PUNKTY_KOMUNIKACYJNE(ID_Punktu_komunikacyjnego, Wysokosc, Region, ID_Operatora,ID_Adresu) VALUES(1, 122, 'Alfa', 1,     11);
INSERT INTO PUNKTY_KOMUNIKACYJNE(ID_Punktu_komunikacyjnego, Wysokosc, Region, ID_Operatora,ID_Adresu) VALUES(2, 135, 'Beta', 1,     12);
INSERT INTO PUNKTY_KOMUNIKACYJNE(ID_Punktu_komunikacyjnego, Wysokosc, Region, ID_Operatora,ID_Adresu) VALUES(3, 100, 'Charlie', 1,  13);
INSERT INTO PUNKTY_KOMUNIKACYJNE(ID_Punktu_komunikacyjnego, Wysokosc, Region, ID_Operatora,ID_Adresu) VALUES(4, 111, 'Delta', 1,    14);

INSERT INTO ODDZIALY(ID_Oddzialu, Numer_telefonu, Czas_otwarcia, Czas_zamkniecia, ID_Operatora, ID_Adresu) VALUES(1, '118259107', TO_TIMESTAMP('08:30', 'HH24:MI'), TO_TIMESTAMP('17:30', 'HH24:MI'), 1, 15);
INSERT INTO ODDZIALY(ID_Oddzialu, Numer_telefonu, Czas_otwarcia, Czas_zamkniecia, ID_Operatora, ID_Adresu) VALUES(2, '679184640', TO_TIMESTAMP('07:00', 'HH24:MI'), TO_TIMESTAMP('17:00', 'HH24:MI'), 1, 16);
INSERT INTO ODDZIALY(ID_Oddzialu, Numer_telefonu, Czas_otwarcia, Czas_zamkniecia, ID_Operatora, ID_Adresu) VALUES(3, '060720459', TO_TIMESTAMP('07:30', 'HH24:MI'), TO_TIMESTAMP('16:30', 'HH24:MI'), 1, 17);
INSERT INTO ODDZIALY(ID_Oddzialu, Numer_telefonu, Czas_otwarcia, Czas_zamkniecia, ID_Operatora, ID_Adresu) VALUES(4, '827184549', TO_TIMESTAMP('08:00', 'HH24:MI'), TO_TIMESTAMP('19:30', 'HH24:MI'), 1, 18);
INSERT INTO ODDZIALY(ID_Oddzialu, Numer_telefonu, Czas_otwarcia, Czas_zamkniecia, ID_Operatora, ID_Adresu) VALUES(5, '273049705', TO_TIMESTAMP('06:30', 'HH24:MI'), TO_TIMESTAMP('18:00', 'HH24:MI'), 1, 19);
INSERT INTO ODDZIALY(ID_Oddzialu, Numer_telefonu, Czas_otwarcia, Czas_zamkniecia, ID_Operatora, ID_Adresu) VALUES(6, '285501121', TO_TIMESTAMP('06:00', 'HH24:MI'), TO_TIMESTAMP('20:00', 'HH24:MI'), 1, 20);

INSERT INTO BIURA (ID_Oddzialu, Poziom_ochrony, Liczba_miejsc_parkingowych, Liczba_pieter) VALUES (1, 'Brak', 300, 15);
INSERT INTO BIURA (ID_Oddzialu, Poziom_ochrony, Liczba_miejsc_parkingowych, Liczba_pieter) VALUES (2, 'Niski', 250, 12);
INSERT INTO BIURA (ID_Oddzialu, Poziom_ochrony, Liczba_miejsc_parkingowych, Liczba_pieter) VALUES (3, 'Wysoki', 500, 20);

INSERT INTO PUNKTY_SPRZEDAZY (ID_Oddzialu, Powierzchnia, Liczba_telefonow_na_wystawie, Liczba_kas) VALUES (4, 55.6, 120, 3); 
INSERT INTO PUNKTY_SPRZEDAZY (ID_Oddzialu, Powierzchnia, Liczba_telefonow_na_wystawie, Liczba_kas) VALUES (5, 70.25, 89, 2); 
INSERT INTO PUNKTY_SPRZEDAZY (ID_Oddzialu, Powierzchnia, Liczba_telefonow_na_wystawie, Liczba_kas) VALUES (6, 44.69, 133, 5); 

INSERT INTO TYPY_ANTEN (ID_Typu_anteny, Zysk_energetyczny, Temperatura_szumowa, Wspolczynnik_szumow) VALUES(1, 5.5, 31.77, 8.1);
INSERT INTO TYPY_ANTEN (ID_Typu_anteny, Zysk_energetyczny, Temperatura_szumowa, Wspolczynnik_szumow) VALUES(2, 30.12, 52.4, 25.99);

INSERT INTO ANTENY (ID_Anteny, ID_Punktu_komunikacyjnego, ID_Typu_anteny, Wysokosc_nad_poziomem_morza) VALUES(1, 1, 1, 1300);
INSERT INTO ANTENY (ID_Anteny, ID_Punktu_komunikacyjnego, ID_Typu_anteny, Wysokosc_nad_poziomem_morza) VALUES(2, 2, 2, 1200);
INSERT INTO ANTENY (ID_Anteny, ID_Punktu_komunikacyjnego, ID_Typu_anteny, Wysokosc_nad_poziomem_morza) VALUES(3, 3, 2, 1450);
INSERT INTO ANTENY (ID_Anteny, ID_Punktu_komunikacyjnego, ID_Typu_anteny, Wysokosc_nad_poziomem_morza) VALUES(4, 4, 1, 1660);
INSERT INTO ANTENY (ID_Anteny, ID_Punktu_komunikacyjnego, ID_Typu_anteny, Wysokosc_nad_poziomem_morza) VALUES(5, 4, 2, 1880);
INSERT INTO ANTENY (ID_Anteny, ID_Punktu_komunikacyjnego, ID_Typu_anteny, Wysokosc_nad_poziomem_morza) VALUES(6, 2, 1, 1999);

INSERT INTO USLUGI (ID_Uslugi, Typ_uslugi, ID_Operatora) VALUES (1,  'Polaczenie glosowe', 1);
INSERT INTO USLUGI (ID_Uslugi, Typ_uslugi, ID_Operatora) VALUES (2,  'SMS', 1);
INSERT INTO USLUGI (ID_Uslugi, Typ_uslugi, ID_Operatora) VALUES (3,  'MMS', 1);
INSERT INTO USLUGI (ID_Uslugi, Typ_uslugi, ID_Operatora) VALUES (4,  'Internet', 1);

INSERT INTO PRACOWNICY (ID_Pracownika, Imie, Drugie_Imie, Nazwisko, Data_zatrudnienia, Wysokosc_pensji, Plec, Nr_telefonu, PESEL, ID_Adresu) VALUES(1, 'Marek', 'Rafał', 'Wysocki', TO_DATE('2018/1/1', 'YYYY/MM/DD'), 2900, 'M', '518546779', '90080701928', 21);
INSERT INTO PRACOWNICY (ID_Pracownika, Imie, Drugie_Imie, Nazwisko, Data_zatrudnienia, Wysokosc_pensji, Plec, Nr_telefonu, PESEL, ID_Adresu) VALUES(2, 'Katarzyna', 'Milena', 'Lewa', TO_DATE('2016/4/18', 'YYYY/MM/DD'), 5900, 'K', '517556799', '91060401918', 22);
INSERT INTO PRACOWNICY (ID_Pracownika, Imie, Drugie_Imie, Nazwisko, Data_zatrudnienia, Wysokosc_pensji, Plec, Nr_telefonu, PESEL, ID_Adresu) VALUES(3, 'Marek', 'Rafał', 'Wysocki', TO_DATE('2017/1/2', 'YYYY/MM/DD'), 3900, 'M', '518546557', '87080777928', 23);
INSERT INTO PRACOWNICY (ID_Pracownika, Imie, Drugie_Imie, Nazwisko, Data_zatrudnienia, Wysokosc_pensji, Plec, Nr_telefonu, PESEL, ID_Adresu) VALUES(4, 'Milena', 'Agata', 'Rutkowska', TO_DATE('2016/4/10', 'YYYY/MM/DD'), 10900, 'K', '511546754', '88090788928', 24);
INSERT INTO PRACOWNICY (ID_Pracownika, Imie, Drugie_Imie, Nazwisko, Data_zatrudnienia, Wysokosc_pensji, Plec, Nr_telefonu, PESEL, ID_Adresu) VALUES(5, 'Beata', 'Justyna', 'Farana', TO_DATE('2015/6/10', 'YYYY/MM/DD'), 112900, 'K', '514546177', '77060788928', 25);
INSERT INTO PRACOWNICY (ID_Pracownika, Imie, Nazwisko, Data_zatrudnienia, Wysokosc_pensji, Plec, Nr_telefonu, ID_Adresu) VALUES(6, 'Anna', 'Wysocki', TO_DATE('2014/8/18', 'YYYY/MM/DD'), 6900, 'M', '518546777', 26);
INSERT INTO PRACOWNICY (ID_Pracownika, Imie, Drugie_Imie, Nazwisko, Data_zatrudnienia, Wysokosc_pensji, Plec, Nr_telefonu, PESEL, ID_Adresu) VALUES(7, 'Marek', 'Rafał', 'Trawy', TO_DATE('2013/10/19', 'YYYY/MM/DD'), 5900, 'M', '518546777', '90020788928', 27);
INSERT INTO PRACOWNICY (ID_Pracownika, Imie, Nazwisko, Data_zatrudnienia, Wysokosc_pensji, Plec, Nr_telefonu, ID_Adresu) VALUES(8, 'Mirek', 'Prawy', TO_DATE('2012/1/20', 'YYYY/MM/DD'), 1900, 'Inna', '515546477', 28);

INSERT INTO Sprzedawcy(ID_Pracownika, Dostep_do_sejfu, Numer_legitymacji) VALUES (1, 'Nie', 727888);
INSERT INTO Sprzedawcy(ID_Pracownika, Dostep_do_sejfu, Numer_legitymacji) VALUES (2, 'Nie', 444888);
INSERT INTO Sprzedawcy(ID_Pracownika, Dostep_do_sejfu, Numer_legitymacji) VALUES (3, 'Tak', 111888);
INSERT INTO Sprzedawcy(ID_Pracownika, Dostep_do_sejfu, Numer_legitymacji) VALUES (4, 'Tak', 333888);

INSERT INTO Pracownicy_biurowi(ID_Pracownika, Numer_pietra, Numer_biurka) VALUES (5, 2, 12);
INSERT INTO Pracownicy_biurowi(ID_Pracownika, Numer_pietra, Numer_biurka) VALUES (6, 3, 22);
INSERT INTO Pracownicy_biurowi(ID_Pracownika, Numer_pietra, Numer_biurka) VALUES (7, 4, 31);
INSERT INTO Pracownicy_biurowi(ID_Pracownika, Numer_pietra, Numer_biurka) VALUES (8, 5, 43);

INSERT INTO UMOWY (ID_Umowy, ID_Uslugi, ID_Klienta, Data_zawarcia, Data_zakonczenia) VALUES (1, 1, 1, TO_DATE('2018/05/07', 'YYYY/MM/DD'), TO_DATE('2021/05/07', 'YYYY/MM/DD'));
INSERT INTO UMOWY (ID_Umowy, ID_Uslugi, ID_Klienta, Data_zawarcia, Data_zakonczenia) VALUES (2, 2, 1, TO_DATE('2017/06/03', 'YYYY/MM/DD'), TO_DATE('2021/06/07', 'YYYY/MM/DD'));
INSERT INTO UMOWY (ID_Umowy, ID_Uslugi, ID_Klienta, Data_zawarcia, Data_zakonczenia) VALUES (3, 1, 2, TO_DATE('2016/08/02', 'YYYY/MM/DD'), TO_DATE('2022/01/07', 'YYYY/MM/DD'));
INSERT INTO UMOWY (ID_Umowy, ID_Uslugi, ID_Klienta, Data_zawarcia, Data_zakonczenia) VALUES (4, 3, 2, TO_DATE('2017/07/03', 'YYYY/MM/DD'), TO_DATE('2022/02/07', 'YYYY/MM/DD'));
INSERT INTO UMOWY (ID_Umowy, ID_Uslugi, ID_Klienta, Data_zawarcia, Data_zakonczenia) VALUES (5, 1, 3, TO_DATE('2017/02/01', 'YYYY/MM/DD'), TO_DATE('2023/08/07', 'YYYY/MM/DD'));
INSERT INTO UMOWY (ID_Umowy, ID_Uslugi, ID_Klienta, Data_zawarcia, Data_zakonczenia) VALUES (6, 4, 3, TO_DATE('2019/10/27', 'YYYY/MM/DD'), TO_DATE('2021/05/07', 'YYYY/MM/DD'));
INSERT INTO UMOWY (ID_Umowy, ID_Uslugi, ID_Klienta, Data_zawarcia, Data_zakonczenia) VALUES (7, 1, 4, TO_DATE('2020/09/25', 'YYYY/MM/DD'), TO_DATE('2022/01/07', 'YYYY/MM/DD'));
INSERT INTO UMOWY (ID_Umowy, ID_Uslugi, ID_Klienta, Data_zawarcia, Data_zakonczenia) VALUES (8, 4, 5, TO_DATE('2018/03/15', 'YYYY/MM/DD'), TO_DATE('2021/06/07', 'YYYY/MM/DD'));
INSERT INTO UMOWY (ID_Umowy, ID_Uslugi, ID_Klienta, Data_zawarcia, Data_zakonczenia) VALUES (9, 1, 5, TO_DATE('2019/04/07', 'YYYY/MM/DD'), TO_DATE('2023/02/07', 'YYYY/MM/DD'));
INSERT INTO UMOWY (ID_Umowy, ID_Uslugi, ID_Klienta, Data_zawarcia, Data_zakonczenia) VALUES (10, 2, 5, TO_DATE('2017/11/07', 'YYYY/MM/DD'), TO_DATE('2022/04/07', 'YYYY/MM/DD'));
INSERT INTO UMOWY (ID_Umowy, ID_Uslugi, ID_Klienta, Data_zawarcia, Data_zakonczenia) VALUES (11, 1, 6, TO_DATE('2020/01/18', 'YYYY/MM/DD'), TO_DATE('2021/03/07', 'YYYY/MM/DD'));
INSERT INTO UMOWY (ID_Umowy, ID_Uslugi, ID_Klienta, Data_zawarcia, Data_zakonczenia) VALUES (12, 1, 7, TO_DATE('2019/12/28', 'YYYY/MM/DD'), TO_DATE('2022/10/07', 'YYYY/MM/DD'));
INSERT INTO UMOWY (ID_Umowy, ID_Uslugi, ID_Klienta, Data_zawarcia, Data_zakonczenia) VALUES (13, 1, 8, TO_DATE('2017/11/22', 'YYYY/MM/DD'), TO_DATE('2023/12/07', 'YYYY/MM/DD'));
INSERT INTO UMOWY (ID_Umowy, ID_Uslugi, ID_Klienta, Data_zawarcia, Data_zakonczenia) VALUES (14, 1, 9, TO_DATE('2017/06/11', 'YYYY/MM/DD'), TO_DATE('2022/09/07', 'YYYY/MM/DD'));
INSERT INTO UMOWY (ID_Umowy, ID_Uslugi, ID_Klienta, Data_zawarcia, Data_zakonczenia) VALUES (15, 1, 10, TO_DATE('2018/10/14', 'YYYY/MM/DD'), TO_DATE('2023/12/07', 'YYYY/MM/DD'));

INSERT INTO UDOSTEPNIANIE_USLUG (ID_Punktu_komunikacyjnego, ID_Uslugi) VALUES (1, 1);
INSERT INTO UDOSTEPNIANIE_USLUG (ID_Punktu_komunikacyjnego, ID_Uslugi) VALUES (1, 4);
INSERT INTO UDOSTEPNIANIE_USLUG (ID_Punktu_komunikacyjnego, ID_Uslugi) VALUES (2, 2);
INSERT INTO UDOSTEPNIANIE_USLUG (ID_Punktu_komunikacyjnego, ID_Uslugi) VALUES (2, 3);
INSERT INTO UDOSTEPNIANIE_USLUG (ID_Punktu_komunikacyjnego, ID_Uslugi) VALUES (3, 1);
INSERT INTO UDOSTEPNIANIE_USLUG (ID_Punktu_komunikacyjnego, ID_Uslugi) VALUES (3, 2);
INSERT INTO UDOSTEPNIANIE_USLUG (ID_Punktu_komunikacyjnego, ID_Uslugi) VALUES (4, 3);
INSERT INTO UDOSTEPNIANIE_USLUG (ID_Punktu_komunikacyjnego, ID_Uslugi) VALUES (4, 4);

INSERT INTO ZATRUDNIENIA (ID_Oddzialu, ID_Pracownika) VALUES (1, 1);
INSERT INTO ZATRUDNIENIA (ID_Oddzialu, ID_Pracownika) VALUES (2, 1);
INSERT INTO ZATRUDNIENIA (ID_Oddzialu, ID_Pracownika) VALUES (3, 2);
INSERT INTO ZATRUDNIENIA (ID_Oddzialu, ID_Pracownika) VALUES (4, 2);
INSERT INTO ZATRUDNIENIA (ID_Oddzialu, ID_Pracownika) VALUES (2, 3);
INSERT INTO ZATRUDNIENIA (ID_Oddzialu, ID_Pracownika) VALUES (2, 4);
INSERT INTO ZATRUDNIENIA (ID_Oddzialu, ID_Pracownika) VALUES (3, 5);
INSERT INTO ZATRUDNIENIA (ID_Oddzialu, ID_Pracownika) VALUES (3, 6);
INSERT INTO ZATRUDNIENIA (ID_Oddzialu, ID_Pracownika) VALUES (4, 7);
INSERT INTO ZATRUDNIENIA (ID_Oddzialu, ID_Pracownika) VALUES (5, 8);